{
  "username": {
    "id": "username",
    "title": "Username",
    "dbId": "contacts",
    "inputProps": {
      "value": "",
      "type": "text",
      "error": false,
      "helperText": ""
    },
    "fieldType": "INPUT",
    "iconType": "account",
    "validations": { "required": true }
  },
  "password": {
    "id": "password",
    "title": "Password",
    "dbId": "contacts",
    "inputProps": {
      "value": "",
      "type": "password",
      "error": false,
      "helperText": ""
    },
    "fieldType": "INPUT",
    "iconType": "password",
    "validations": { "required": true }
  },
  "confirmPassword": {
    "id": "confirmPassword",
    "title": "Confrimation Password",
    "dbId": "contacts",
    "inputProps": {
      "value": "",
      "type": "password",
      "error": false,
      "helperText": ""
    },
    "fieldType": "INPUT",
    "iconType": "password",
    "validations": { "required": true }
  }
}
